ref_start,insertion,gene,insertion_id
627,TTC,ORF1ab,Ins:V120VL
686,ATCACAGCTCTT,ORF1ab,Ins:140-ITAL-141
1814,AAA,ORF1ab,Ins:516-K-517
1858,TCC,ORF1ab,Ins:S530SP
2644,AGATCGGAAGAG,ORF1ab,Ins:I792IDRKR
2873,AAGGTGGAG,ORF1ab,Ins:869-KVE-870
2903,GTGTTGTGGCAG,ORF1ab,Ins:879-VLWQ-880
3056,GAA,ORF1ab,Ins:930-E-931
3074,GAA,ORF1ab,Ins:936-E-937
3189,AAG,ORF1ab,Ins:Q974QV
3706,ATT,ORF1ab,Ins:P1146PL
3782,CATACCAGA,ORF1ab,Ins:1172-HTR-1173
3829,GCTGTTGTTGTTTGT,ORF1ab,Ins:S1187SLLLFV
3983,ACA,ORF1ab,Ins:1239-T-1240
4088,AATTTTGGG,ORF1ab,Ins:1274-NFG-1275
4397,TAG,ORF1ab,Ins:1377-*-1378
4737,CTT,ORF1ab,Ins:T1490TL
5633,TGA,ORF1ab,Ins:1789-*-1790
5671,GAATGT,ORF1ab,Ins:S1801SNV
5958,ATT,ORF1ab,Ins:N1897NL
6023,ATT,ORF1ab,Ins:1919-I-1920
6364,AGATCG,ORF1ab,Ins:A2032ADR
6404,ATAGCTTGGAAT,ORF1ab,Ins:2046-IAWN-2047
6416,CATGTCCAAATTCACACAATCGAC,ORF1ab,Ins:2050-HVQIHTID-2051
6501,GCACTCCGCATT,ORF1ab,Ins:P2078RTPHL
6501,TACCCGTGAACTCAT,ORF1ab,Ins:P2078LPVNSL
6506,AAT,ORF1ab,Ins:2080-N-2081
6550,AGA,ORF1ab,Ins:L2094LE
7978,GGCATCATTCTATTGGATTTGATTACGTCTATA,ORF1ab,Ins:L2570LASFYWI*LRL*
8095,CTTTACTTAGGAGGTATG,ORF1ab,Ins:K2609NFT*EVW
8101,TCTTCTTTGCTC,ORF1ab,Ins:L2611LLLCS
9668,AGA,ORF1ab,Ins:3134-R-3135
9835,TCTAAAGTTGCGTAGTGATGTGCT,ORF1ab,Ins:Y3189YLKLRSDVL
9836,CTAAAGTTGCGTAGTGATGTG,ORF1ab,Ins:3190-LKLRSDV-3191
9860,AAAAAGAAACATCATTAG,ORF1ab,Ins:3198-KKKHH*-3199
9860,AAG,ORF1ab,Ins:3198-K-3199
9860,AAAAAGAAACATCATTAGTAAGATAAAATG,ORF1ab,Ins:3198-KKKHH**DKM-3199
10382,ACTAAT,ORF1ab,Ins:3372-TN-3373
11072,TTC,ORF1ab,Ins:3602-F-3603
11075,TTT,ORF1ab,Ins:3603-F-3604
11400,GTTGGG,ORF1ab,Ins:M3711SWV
11428,TTA,ORF1ab,Ins:V3720V*
11548,CAGCAGGTCGTG,ORF1ab,Ins:M3760ISRSW
12357,TCGGAAGAG,ORF1ab,Ins:T4030IGRV
13175,GTG,ORF1ab,Ins:4303-V-4304
13623,GATCGGAAG,ORF1ab,Ins:K4452RSEV
13896,TGA,ORF1ab,Ins:V4543VM
14033,GATCGG,ORF1ab,Ins:4589-DR-4590
16227,CAGGTTGGGAGG,ORF1ab,Ins:Q5320PGWEV
17643,AGG,ORF1ab,Ins:L5792QV
18060,AGATCGGAAGAG,ORF1ab,Ins:S5931*IGRV
18877,AGATCGGAAGAG,ORF1ab,Ins:V6203VDRKR
19274,AGATCGGAAGAG,ORF1ab,Ins:6336-RSEE-6337
19274,AGATCGGAAGAGCGT,ORF1ab,Ins:6336-RSEER-6337
19286,CAATCATGACTAGGT,ORF1ab,Ins:6340-QS*LG-6341
19346,GGAATGTGGCAACTTTACAAGCTGAAAATGTAACAGGAC,ORF1ab,Ins:6360-GMWQLYKLKM*QD-6361
19771,AAA,ORF1ab,Ins:L6501LK
20066,GATCGG,ORF1ab,Ins:6600-DR-6601
20227,GGAAGTCACACC,ORF1ab,Ins:N6653KEVTP
20487,AGATATCCT,ORF1ab,Ins:S6740KISL
20907,TAA,ORF1ab,Ins:L6880LM
21570,TTT,S,Ins:V2VL
21609,CAACTTTGAGGA,S,Ins:V15ATLRM
21634,TAA,S,Ins:L23FK
21754,AGATCGGAA,S,Ins:W63*DRK
21815,ACT,S,Ins:84-T-85
21815,GGT,S,Ins:84-G-85
21825,CCC,S,Ins:D87AL
21886,TGCTGT,S,Ins:T107TAV
21991,TAC,S,Ins:V142VT
21996,CTA,S,Ins:Y144SM
22004,AAC,S,Ins:147-N-148
22201,AAGATGGCG,S,Ins:V212VRWR
22203,CAG,S,Ins:R213PV
22204,CGAGCCAGA,S,Ins:R213REPE
22204,TAAATTCCA,S,Ins:R213RKFQ
22205,GAGCCACAA,S,Ins:214-EPQ-215
22205,GAGCCAGAG,S,Ins:214-EPE-215
22205,GAGAAAGAA,S,Ins:214-EKE-215
22205,GTACCATGGATA,S,Ins:214-VPWI-215
22205,GAAAAAAAA,S,Ins:214-EKK-215
22205,GAGCTAGAA,S,Ins:214-ELE-215
22205,ACAGATCGA,S,Ins:214-TDR-215
22205,GAGCAAGAA,S,Ins:214-EQE-215
22205,GAGCCAGGA,S,Ins:214-EPG-215
22205,GATCCAGAA,S,Ins:214-DPE-215
22205,GGGCCAGAA,S,Ins:214-GPE-215
22205,GAGCCGGAA,S,Ins:214-EPE-215
22205,CACAGTGGA,S,Ins:214-HSG-215
22205,GAGTCAGAA,S,Ins:214-ESE-215
22205,GAGCCAGAA,S,Ins:214-EPE-215
22205,GAGCCAGAC,S,Ins:214-EPD-215
22205,GAGCAAAAA,S,Ins:214-EQK-215
22205,GAACAAAAA,S,Ins:214-EQK-215
22205,CAGCCAGAA,S,Ins:214-QPE-215
22205,GACCCAGAA,S,Ins:214-DPE-215
22205,GAGCCAAAA,S,Ins:214-EPK-215
22205,AAGCCAGAA,S,Ins:214-KPE-215
22205,GAACCAGAA,S,Ins:214-EPE-215
22205,GAGACAGAA,S,Ins:214-ETE-215
22206,AGCCAGAAC,S,Ins:D214EPEL
22206,AGCCAGAAA,S,Ins:D214EPEM
22206,AGCCAGAAT,S,Ins:D214EPEL
22207,GCCAGAAGT,S,Ins:D214EPEV
22207,GCCAGAAGG,S,Ins:D214EPEG
22304,TGGTTAGTA,S,Ins:247-WLV-248
22305,CAGGGGAGA,S,Ins:Y247SGEM
22305,TTCGAAGGGGTAGGCAGGGTG,S,Ins:Y247FRRGRQGV
22321,TTC,S,Ins:D252DS
22354,TTA,S,Ins:A263A*
22406,CAATGCTAGGGAGAGCTGCCTATATGGAAGAGCCCT,S,Ins:281-QC*GELPIWKSP-282
22422,TGAACAATGCTAGGGAGAGCTGCCTAT,S,Ins:D286VNNARESCLL
22455,CCTTTTCTTATGGACCTTGAAGGA,S,Ins:E297AFSYGP*RM
22512,GATCGGAAGAGC,S,Ins:N316RSEEL
22577,CTTATGGACCTTGAAGGAAAACAG,S,Ins:338-LMDLEGKQ-339
22582,AGACGACTCTGAGCC,S,Ins:E339EDDSEP
22597,GCGGAGTACGATCGAGTGTACAGTGAA,S,Ins:T344TRSTIECTVK
22666,TAC,S,Ins:L367LT
22680,AGA,S,Ins:S372*M
22715,GGTGATTCTTCTTCAGGTTGG,S,Ins:384-GDSSSGW-385
22908,CATTTG,S,Ins:Y448SFV
22952,CAAAGG,S,Ins:463-QR-464
22965,TTT,S,Ins:I467IL
23470,TTCTACATG,S,Ins:Y635YSTW
23709,AGATCGGAAGAG,S,Ins:T715KIGRV
25299,GCT,S,Ins:G1245GL
25398,TTT,ORF3a,Ins:D1DL
25460,CTA,ORF3a,Ins:A22AM
25473,TTT,ORF3a,Ins:D26DL
25521,CGGGGCGGC,ORF3a,Ins:F42FGAA
25524,GGCGGCCGT,ORF3a,Ins:G43GAAV
25699,CCC,ORF3a,Ins:102-P-103
25700,CCCCCC,ORF3a,Ins:A102APL
25700,CCC,ORF3a,Ins:A102AL
25702,CCT,ORF3a,Ins:103-P-104
25704,CCT,ORF3a,Ins:P103PL
25704,TTT,ORF3a,Ins:P103PL
25704,CCCCCT,ORF3a,Ins:P103PPL
25728,CTA,ORF3a,Ins:V111V*
25756,GATCGG,ORF3a,Ins:121-DR-122
25758,AAT,ORF3a,Ins:R121RM
26079,CTT,ORF3a,Ins:T228TL
26829,TGA,M,Ins:102-*-103
26983,TTCCCTATGGTGCTAACAAAG,M,Ins:H153LPYGANKV
26983,TTCCCTATGGTGCTA,M,Ins:H153LPYGAM
27002,CTCTTCTTCCTGCTG,M,Ins:D159DSSSCW
27013,TGAGCATAGTCT,M,Ins:L163LSIVL
27019,TCTGTTTGG,M,Ins:K165ICLV
27039,ACTTCC,M,Ins:172-TS-173
27105,GATTGAGAG,M,Ins:194-D*E-195
27149,CAGCTGTGG,M,Ins:D208DSCG
27250,ATT,ORF6,Ins:16-I-17
27294,CAT,ORF6,Ins:Y30YM
27296,TAACCTAGTTGC,ORF6,Ins:I31IT*LL
27298,ATAGCTAAA,ORF6,Ins:32-IAK-33
27298,AGAGCCGGG,ORF6,Ins:32-RAG-33
27299,CAATTATTTTGG,ORF6,Ins:I32TIILV
27302,AACGGGGAG,ORF6,Ins:N33KRGV
27302,GAACGAGGG,ORF6,Ins:N33RTRV
27313,AAA,ORF6,Ins:37-K-38
27364,GCTCTG,ORF6,Ins:54-AL-55
27385,CTC,ORF6,Ins:61-L-62
27395,AACTTAAATGTC,ORF7a,Ins:M0KLKCL
27401,GTCATCCAATTT,ORF7a,Ins:I2SHPIL
27404,TTTTTT,ORF7a,Ins:I3IFL
27404,TTT,ORF7a,Ins:I3IL
27404,AAAGAAAGATAGAATGATTGAACT,ORF7a,Ins:I3KRKIE*LNL
27405,AAC,ORF7a,Ins:I3IT
27407,TTT,ORF7a,Ins:L4LL
27407,ACTCATTTCAGT,ORF7a,Ins:L4HSFQL
27409,CATGTCTGTGGA,ORF7a,Ins:5-HVCG-6
27412,AAAAGAAAGACAGAATGATTGAACTTTCATTAA,ORF7a,Ins:6-KRKTE*LNFH*-7
27412,AAAAGAAAGACAGAATGA,ORF7a,Ins:6-KRKTE*-7
27471,TCT,ORF7a,Ins:G25GL
27692,TTT,ORF7a,Ins:I99IL
27900,TTT,ORF8,Ins:2-F-3
27907,TTT,ORF8,Ins:V4VL
27907,TTTTTT,ORF8,Ins:V4VFL
27925,CACAAATTG,ORF8,Ins:T10TQIV
28246,TAATCTAAACATCTCTTG,ORF8,Ins:L117LI*TSLV
28251,CTG,ORF8,Ins:119-L-120
28252,CTG,ORF8,Ins:F119SV
28257,TGTAAGAGGTAT,ORF8,Ins:121-CKRY-122
28412,AAT,N,Ins:46-N-47
28765,AAC,N,Ins:G163GT
28879,CTC,N,Ins:S201SS
28988,CAA,N,Ins:238-Q-239
29008,GGACGTGGG,N,Ins:T244TDVG
29383,CAAAAATGGCGG,N,Ins:K369NKNGG
29452,TCT,N,Ins:T392TL
29663,AATCTCACATAGCAATCTTTAATC,ORF10,Ins:35-NLT*QSLI-36
